Layer 0: True = 3676, False = 0
avg_laod=25.0
Layer 1: True = 3676, False = 0
avg_laod=25.0
Layer 2: True = 3676, False = 0
avg_laod=25.0
Layer 3: True = 3676, False = 0
avg_laod=25.0
Layer 4: True = 3676, False = 0
avg_laod=25.0
Layer 5: True = 3676, False = 0
avg_laod=25.0
Layer 6: True = 3676, False = 0
avg_laod=25.0
Layer 7: True = 3676, False = 0
avg_laod=25.0
Layer 8: True = 3676, False = 0
avg_laod=25.0
Layer 9: True = 3676, False = 0
avg_laod=25.0
Layer 10: True = 3676, False = 0
avg_laod=25.0
Layer 11: True = 557, False = 3119
avg_laod=88.63574537540805
Layer 12: True = 457, False = 3219
avg_laod=90.6760065288357
Layer 13: True = 3643, False = 33
avg_laod=25.673286180631123
Layer 14: True = 3676, False = 0
avg_laod=25.0
Layer 15: True = 0, False = 3676
avg_laod=100.0
Layer 16: True = 3676, False = 0
avg_laod=25.0
Layer 17: True = 81, False = 3595
avg_laod=98.34738846572361
Layer 18: True = 3674, False = 2
avg_laod=25.040805223068553
Layer 19: True = 3676, False = 0
avg_laod=25.0
Layer 20: True = 3676, False = 0
avg_laod=25.0
Layer 21: True = 3675, False = 1
avg_laod=25.020402611534276
Layer 22: True = 3676, False = 0
avg_laod=25.0
Layer 23: True = 3569, False = 107
avg_laod=27.183079434167574
Layer 24: True = 3676, False = 0
avg_laod=25.0
Layer 25: True = 3620, False = 56
avg_laod=26.14254624591948
Layer 26: True = 3676, False = 0
avg_laod=25.0
Layer 27: True = 3641, False = 35
avg_laod=25.714091403699673
Layer 28: True = 3676, False = 0
avg_laod=25.0
Layer 29: True = 3676, False = 0
avg_laod=25.0
Layer 30: True = 3256, False = 420
avg_laod=33.569096844396086
Layer 31: True = 3532, False = 144
avg_laod=27.9379760609358
Layer 32: True = 1732, False = 1944
avg_laod=64.66267682263329
Layer 33: True = 10, False = 3666
avg_laod=99.79597388465724
Layer 34: True = 2125, False = 1551
avg_laod=56.64445048966268
Layer 35: True = 3150, False = 526
avg_laod=35.73177366702938
Layer 36: True = 3520, False = 156
avg_laod=28.182807399347116
Layer 37: True = 3676, False = 0
avg_laod=25.0
Layer 38: True = 3379, False = 297
avg_laod=31.059575625680086
Layer 39: True = 3605, False = 71
avg_laod=26.448585418933625
Layer 40: True = 2344, False = 1332
avg_laod=52.176278563656155
Layer 41: True = 3367, False = 309
avg_laod=31.304406964091402
Layer 42: True = 3585, False = 91
avg_laod=26.856637649619152
Layer 43: True = 3610, False = 66
avg_laod=26.346572361262243
Layer 44: True = 7, False = 3669
avg_laod=99.85718171926007
Layer 45: True = 3129, False = 547
avg_laod=36.16022850924918
Layer 46: True = 3676, False = 0
avg_laod=25.0
Layer 47: True = 3672, False = 4
avg_laod=25.081610446137105
